rowid,country,country_long,name,gppd_idnr,capacity_mw,latitude,longitude,primary_fuel,other_fuel1,other_fuel2,other_fuel3,commissioning_year,owner,source,url,geolocation_source,wepp_id,year_of_capacity_data,generation_gwh_2013,generation_gwh_2014,generation_gwh_2015,generation_gwh_2016,generation_gwh_2017,generation_gwh_2018,generation_gwh_2019,generation_data_source,estimated_generation_gwh_2013,estimated_generation_gwh_2014,estimated_generation_gwh_2015,estimated_generation_gwh_2016,estimated_generation_gwh_2017,estimated_generation_note_2013,estimated_generation_note_2014,estimated_generation_note_2015,estimated_generation_note_2016,estimated_generation_note_2017
15642,IDN,Indonesia,Amamapare Port power station,WRI1075798,195.0,-4.8278,136.8391,Coal,,,,1998.0,PT Puncakjaya Power,GCPT,https://endcoal.org/global-coal-plant-tracker/,GCPT,,,,,,,,,,,,,,,1061.18,NO-ESTIMATION,NO-ESTIMATION,NO-ESTIMATION,NO-ESTIMATION,CAPACITY-FACTOR-V1
15643,IDN,Indonesia,Ampenan,WRI1000736,56.284,-8.5667,116.0667,Oil,,,,,PLN - West Nusa Tenggara Regional Unit/NTB,Indonesia Power Generation,https://repit.wordpress.com/,CARMA,1026032,,,,,,,,,,,,,,101.59,NO-ESTIMATION,NO-ESTIMATION,NO-ESTIMATION,NO-ESTIMATION,CAPACITY-FACTOR-V1
15644,IDN,Indonesia,Amurang power station,WRI1075799,60.0,1.1825,124.4806,Coal,,,,2012.0,PLN,GCPT,https://endcoal.org/global-coal-plant-tracker/,GCPT,,,,,,,,,,,,,,,326.51,NO-ESTIMATION,NO-ESTIMATION,NO-ESTIMATION,NO-ESTIMATION,CAPACITY-FACTOR-V1
15645,IDN,Indonesia,Asahan I,WRI1000737,180.0,2.5113,99.259,Hydro,,,,,PT Bajradaya Sentranusa (China Huadian Corporation 70% + PJB 26.5%+Nusa Konstruksi Engineering 3.5%),Indonesia Power Generation,https://repit.wordpress.com/,WRI,1076093,,,,,,,,,,614.23,443.82,523.3,555.94,592.43,HYDRO-V1,HYDRO-V1,HYDRO-V1,HYDRO-V1,HYDRO-V1
15646,IDN,Indonesia,Bakaru,WRI1000738,126.0,-3.1141,119.6042,Hydro,,,,,PLN-South&South East Sulawesi Regional Unit,Indonesia Power Generation,https://repit.wordpress.com/,CARMA,1026035,,,,,,,,,,423.6,334.58,350.67,415.34,424.69,HYDRO-V1,HYDRO-V1,HYDRO-V1,HYDRO-V1,HYDRO-V1
15647,IDN,Indonesia,Balambano,WRI1000739,130.0,-2.5213,121.357,Hydro,,,,,PT. Inco,Indonesia Power Generation,https://repit.wordpress.com/,CARMA,1025948,,,,,,,,,,338.09,252.07,306.96,344.3,354.37,HYDRO-V1,HYDRO-V1,HYDRO-V1,HYDRO-V1,HYDRO-V1
15648,IDN,Indonesia,Banten Serang power station,WRI1075800,660.0,-5.883,106.0459,Coal,,,,2017.0,PT Lestari Baten Energi (LBE),GCPT,https://endcoal.org/global-coal-plant-tracker/,GCPT,,,,,,,,,,,,,,,3591.7,NO-ESTIMATION,NO-ESTIMATION,NO-ESTIMATION,NO-ESTIMATION,CAPACITY-FACTOR-V1
15649,IDN,Indonesia,Batu Hijau power station,WRI1075801,124.0,-8.9012,116.7382,Coal,,,,1999.0,Pt Newmont Nusa Tenggara,GCPT,https://endcoal.org/global-coal-plant-tracker/,GCPT,,,,,,,,,,,,,,,674.8,NO-ESTIMATION,NO-ESTIMATION,NO-ESTIMATION,NO-ESTIMATION,CAPACITY-FACTOR-V1
15650,IDN,Indonesia,Bengkok+Dago/saguling,WRI1000743,3.85,-6.6247,107.5564,Hydro,,,,,PLN - PT. Indonesia Power,Indonesia Power Generation,https://repit.wordpress.com/,CARMA,,,,,,,,,,,13.0,10.85,13.53,13.6,13.49,HYDRO-V1,HYDRO-V1,HYDRO-V1,HYDRO-V1,HYDRO-V1
15651,IDN,Indonesia,Besai - Way Kanan,WRI1000744,92.8,-4.9822,104.8051,Hydro,,,,,PLN-South Sumatera Generation Unit,Indonesia Power Generation,https://repit.wordpress.com/,WRI,1026048,,,,,,,,,,268.15,244.77,253.6,273.52,280.63,HYDRO-V1,HYDRO-V1,HYDRO-V1,HYDRO-V1,HYDRO-V1
15652,IDN,Indonesia,Bili bili,WRI1000745,20.1,-5.2779,119.5817,Hydro,,,,,PLN,Indonesia Power Generation,https://repit.wordpress.com/,WRI,1092163,,,,,,,,,,60.04,44.78,55.22,61.21,62.74,HYDRO-V1,HYDRO-V1,HYDRO-V1,HYDRO-V1,HYDRO-V1
15653,IDN,Indonesia,Bitung - Menado,WRI1000746,56.62,1.4451,125.1824,Oil,,,,,PLN-Nth & Ctrl Sulawesi & Gorontalo Reg Unit,Indonesia Power Generation,https://repit.wordpress.com/,CARMA,,,,,,,,,,,,,,,102.2,NO-ESTIMATION,NO-ESTIMATION,NO-ESTIMATION,NO-ESTIMATION,CAPACITY-FACTOR-V1
15654,IDN,Indonesia,Celukan Bawang power station,WRI1075802,381.0,-8.1963,114.8516,Coal,,,,2015.0,PT General Energy Bali,GCPT,https://endcoal.org/global-coal-plant-tracker/,GCPT,,,,,,,,,,,,,,,2073.39,NO-ESTIMATION,NO-ESTIMATION,NO-ESTIMATION,NO-ESTIMATION,CAPACITY-FACTOR-V1
15655,IDN,Indonesia,Cikalong/saguling,WRI1000747,19.2,-6.9039,107.6186,Hydro,,,,,PLN - PT. Indonesia Power,Indonesia Power Generation,https://repit.wordpress.com/,CARMA,1026135,,,,,,,,,,70.7,65.53,63.95,76.04,65.27,HYDRO-V1,HYDRO-V1,HYDRO-V1,HYDRO-V1,HYDRO-V1
15656,IDN,Indonesia,Cikarang Babelan power station,WRI1075803,280.0,-6.1161,107.052,Coal,,,,2017.0,PT Cikarang Listrindo,GCPT,https://endcoal.org/global-coal-plant-tracker/,GCPT,,,,,,,,,,,,,,,1523.75,NO-ESTIMATION,NO-ESTIMATION,NO-ESTIMATION,NO-ESTIMATION,CAPACITY-FACTOR-V1
15657,IDN,Indonesia,Cilacap Sumber power station,WRI1075804,1260.0,-7.6832,109.0964,Coal,,,,2011.0,Sumber Segara Primadaya,GCPT,https://endcoal.org/global-coal-plant-tracker/,GCPT,,,,,,,,,,,,,,,6856.89,NO-ESTIMATION,NO-ESTIMATION,NO-ESTIMATION,NO-ESTIMATION,CAPACITY-FACTOR-V1
15658,IDN,Indonesia,CirataI & II,WRI1000748,1008.0,-6.7004,107.3671,Hydro,,,,,PLN - Java Bali Generation Unit / PT. PJB,Indonesia Power Generation,https://repit.wordpress.com/,WRI,1026056,,,,,,,,,,3426.09,2354.32,3099.69,3272.44,3205.36,HYDRO-V1,HYDRO-V1,HYDRO-V1,HYDRO-V1,HYDRO-V1
15659,IDN,Indonesia,Darajat 1,WRI1000750,55.0,-7.2173,107.7394,Geothermal,,,,,PLN – Indonesia Power,Indonesia Power Generation,https://repit.wordpress.com/,WRI,,,,,,,,,,,,,,,,NO-ESTIMATION,NO-ESTIMATION,NO-ESTIMATION,NO-ESTIMATION,NO-ESTIMATION
15660,IDN,Indonesia,Darajat 2  3,WRI1000751,215.0,-7.2173,107.7394,Geothermal,,,,,PT. Chevron Geothermal Darajat  Ltd,Indonesia Power Generation,https://repit.wordpress.com/,WRI,,,,,,,,,,,,,,,,NO-ESTIMATION,NO-ESTIMATION,NO-ESTIMATION,NO-ESTIMATION,NO-ESTIMATION
15661,IDN,Indonesia,Dieng,WRI1000752,60.0,-7.2061,109.9119,Geothermal,,,,,PT. Geo Dipa Energy,Indonesia Power Generation,https://repit.wordpress.com/,CARMA,1018473,,,,,,,,,,,,,,,NO-ESTIMATION,NO-ESTIMATION,NO-ESTIMATION,NO-ESTIMATION,NO-ESTIMATION
15662,IDN,Indonesia,Giringan - Pamekasan,WRI1000755,3.2,-7.7201,111.6715,Hydro,,,,,PLN - Java Bali Generation Unit / PT. PJB,Indonesia Power Generation,https://repit.wordpress.com/,CARMA,1026067,,,,,,,,,,6.65,6.55,7.17,7.1,7.08,HYDRO-V1,HYDRO-V1,HYDRO-V1,HYDRO-V1,HYDRO-V1
15663,IDN,Indonesia,Golang - Pamekasan,WRI1000756,2.7,-8.1408,111.1317,Hydro,,,,,PLN - Java Bali Generation Unit / PT. PJB,Indonesia Power Generation,https://repit.wordpress.com/,CARMA,1026068,,,,,,,,,,9.34,6.6,8.09,9.68,9.64,HYDRO-V1,HYDRO-V1,HYDRO-V1,HYDRO-V1,HYDRO-V1
15664,IDN,Indonesia,Gunung Malang,WRI1000758,25.536,-6.7409,106.673,Oil,,,,,PLN-East Kalimantan Regional Unit,Indonesia Power Generation,https://repit.wordpress.com/,WRI,,,,,,,,,,,,,,,46.09,NO-ESTIMATION,NO-ESTIMATION,NO-ESTIMATION,NO-ESTIMATION,CAPACITY-FACTOR-V1
15665,IDN,Indonesia,Gunung Salak,WRI1000759,375.0,-6.7416,106.648,Geothermal,,,,,PT. Chevron Geothermal Salak  Ltd,Indonesia Power Generation,https://repit.wordpress.com/,WRI,1026072,,,,,,,,,,,,,,,NO-ESTIMATION,NO-ESTIMATION,NO-ESTIMATION,NO-ESTIMATION,NO-ESTIMATION
15666,IDN,Indonesia,Jatiluhur,WRI1000762,186.0,-6.523,107.389,Hydro,,,,,Perum Jasa Tirta II,Indonesia Power Generation,https://repit.wordpress.com/,GEODB,,,,,,,,,,,670.77,452.3,524.85,671.81,664.17,HYDRO-V1,HYDRO-V1,HYDRO-V1,HYDRO-V1,HYDRO-V1
15667,IDN,Indonesia,Kalteng-1 Pulang Pisau power station,WRI1075805,120.0,-2.8226,114.2088,Coal,,,,2015.0,PT PLN Persero,GCPT,https://endcoal.org/global-coal-plant-tracker/,GCPT,,,,,,,,,,,,,,,653.03,NO-ESTIMATION,NO-ESTIMATION,NO-ESTIMATION,NO-ESTIMATION,CAPACITY-FACTOR-V1
15668,IDN,Indonesia,Kaltim Teluk Balikpapan power station,WRI1075806,220.0,-1.1704,116.7887,Coal,,,,2015.0,PLN,GCPT,https://endcoal.org/global-coal-plant-tracker/,GCPT,,,,,,,,,,,,,,,1197.23,NO-ESTIMATION,NO-ESTIMATION,NO-ESTIMATION,NO-ESTIMATION,CAPACITY-FACTOR-V1
15669,IDN,Indonesia,Kamojang 1  2  3,WRI1000764,140.0,-6.4239,107.4553,Geothermal,,,,,PLN – Indonesia Power,Indonesia Power Generation,https://repit.wordpress.com/,CARMA,1026079,,,,,,,,,,,,,,,NO-ESTIMATION,NO-ESTIMATION,NO-ESTIMATION,NO-ESTIMATION,NO-ESTIMATION
15670,IDN,Indonesia,Kamojang 4,WRI1000765,60.0,-6.4239,107.4553,Geothermal,,,,,PT. Pertamina Geothermal Energy,Indonesia Power Generation,https://repit.wordpress.com/,CARMA,1026079,,,,,,,,,,,,,,,NO-ESTIMATION,NO-ESTIMATION,NO-ESTIMATION,NO-ESTIMATION,NO-ESTIMATION
15671,IDN,Indonesia,Kayu Merah - Ternate,WRI1000769,21.084,0.8,127.4,Oil,,,,,PLN - Maluku Regional Unit,Indonesia Power Generation,https://repit.wordpress.com/,CARMA,1093482,,,,,,,,,,,,,,38.05,NO-ESTIMATION,NO-ESTIMATION,NO-ESTIMATION,NO-ESTIMATION,CAPACITY-FACTOR-V1
15672,IDN,Indonesia,Keban Agung power station,WRI1075807,270.0,-3.7515,103.6481,Coal,,,,2015.0,PT Primanaya Energi,GCPT,https://endcoal.org/global-coal-plant-tracker/,GCPT,,,,,,,,,,,,,,,1469.33,NO-ESTIMATION,NO-ESTIMATION,NO-ESTIMATION,NO-ESTIMATION,CAPACITY-FACTOR-V1
15673,IDN,Indonesia,Kendari - Rental,WRI1000771,36.3,1.0591,120.798,Oil,,,,,PLN - Rental,Indonesia Power Generation,https://repit.wordpress.com/,CARMA,1026082,,,,,,,,,,,,,,65.52,NO-ESTIMATION,NO-ESTIMATION,NO-ESTIMATION,NO-ESTIMATION,CAPACITY-FACTOR-V1
15674,IDN,Indonesia,Ketapang Smelter power station,WRI1075808,80.0,-2.3662,110.1573,Coal,,,,2016.0,PT Well Harvest Winning Alumina Refinery,GCPT,https://endcoal.org/global-coal-plant-tracker/,GCPT,,,,,,,,,,,,,,,435.35,NO-ESTIMATION,NO-ESTIMATION,NO-ESTIMATION,NO-ESTIMATION,CAPACITY-FACTOR-V1
15675,IDN,Indonesia,Ketenger / mrica,WRI1000772,8.04,-7.5097,109.2778,Hydro,,,,,PLN - PT. Indonesia Power,Indonesia Power Generation,https://repit.wordpress.com/,CARMA,1050220,,,,,,,,,,33.59,25.5,29.83,35.02,32.34,HYDRO-V1,HYDRO-V1,HYDRO-V1,HYDRO-V1,HYDRO-V1
15676,IDN,Indonesia,Klambu/Mrica,WRI1000773,1.117,-7.0069,110.7964,Hydro,,,,,PLN - PT. Indonesia Power,Indonesia Power Generation,https://repit.wordpress.com/,CARMA,,,,,,,,,,,3.78,3.34,3.9,3.88,3.58,HYDRO-V1,HYDRO-V1,HYDRO-V1,HYDRO-V1,HYDRO-V1
15677,IDN,Indonesia,Koto Panjang Kampar,WRI1000775,114.0,0.2905,100.8814,Hydro,,,,,PLN,Indonesia Power Generation,https://repit.wordpress.com/,WRI,,,,,,,,,,,419.08,310.21,359.57,397.38,420.15,HYDRO-V1,HYDRO-V1,HYDRO-V1,HYDRO-V1,HYDRO-V1
15678,IDN,Indonesia,Kracak/saguling,WRI1000776,18.9,-6.9039,107.6186,Hydro,,,,,PLN - PT. Indonesia Power,Indonesia Power Generation,https://repit.wordpress.com/,CARMA,1026135,,,,,,,,,,69.59,64.51,62.95,74.85,64.25,HYDRO-V1,HYDRO-V1,HYDRO-V1,HYDRO-V1,HYDRO-V1
15679,IDN,Indonesia,Lahendong (Binary Cycle),WRI1000777,20.0,1.3346,124.8392,Geothermal,,,,,BPPT + Pertamina,Indonesia Power Generation,https://repit.wordpress.com/,CARMA,1026087,,,,,,,,,,,,,,,NO-ESTIMATION,NO-ESTIMATION,NO-ESTIMATION,NO-ESTIMATION,NO-ESTIMATION
15680,IDN,Indonesia,Lahendong IV,WRI1000778,80.0,1.2542,124.8225,Geothermal,,,,,PLN + Pertamina Geothermal Energy,Indonesia Power Generation,https://repit.wordpress.com/,WRI,1087858,,,,,,,,,,,,,,,NO-ESTIMATION,NO-ESTIMATION,NO-ESTIMATION,NO-ESTIMATION,NO-ESTIMATION
15681,IDN,Indonesia,Lamajan/saguling,WRI1000779,19.56,-6.9039,107.6186,Hydro,,,,,PLN - PT. Indonesia Power,Indonesia Power Generation,https://repit.wordpress.com/,CARMA,1026135,,,,,,,,,,72.02,65.75,64.14,77.47,66.5,HYDRO-V1,HYDRO-V1,HYDRO-V1,HYDRO-V1,HYDRO-V1
15682,IDN,Indonesia,Lampung Sebalang power station,WRI1075809,200.0,-5.5859,105.3872,Coal,,,,2015.0,PT PLN Persero,GCPT,https://endcoal.org/global-coal-plant-tracker/,GCPT,,,,,,,,,,,,,,,1088.39,NO-ESTIMATION,NO-ESTIMATION,NO-ESTIMATION,NO-ESTIMATION,CAPACITY-FACTOR-V1
15683,IDN,Indonesia,Larona,WRI1000780,165.0,-2.8194,121.5783,Hydro,,,,,PT. Inco,Indonesia Power Generation,https://repit.wordpress.com/,CARMA,1025949,,,,,,,,,,487.39,423.65,445.46,510.49,460.54,HYDRO-V1,HYDRO-V1,HYDRO-V1,HYDRO-V1,HYDRO-V1
15684,IDN,Indonesia,Lau Renun,WRI1000781,82.0,3.0824,98.065,Hydro,,,,,PLN - Pandan Sector,Indonesia Power Generation,https://repit.wordpress.com/,CARMA,1026134,,,,,,,,,,281.58,231.76,248.79,271.47,271.06,HYDRO-V1,HYDRO-V1,HYDRO-V1,HYDRO-V1,HYDRO-V1
15685,IDN,Indonesia,Lodoyo - Brantas,WRI1000783,4.5,-8.1613,112.2173,Hydro,,,,,PLN - Java Bali Generation Unit / PT. PJB,Indonesia Power Generation,https://repit.wordpress.com/,CARMA,1026092,,,,,,,,,,17.16,12.97,15.44,18.26,17.08,HYDRO-V1,HYDRO-V1,HYDRO-V1,HYDRO-V1,HYDRO-V1
15686,IDN,Indonesia,Maninjau III,WRI1000785,123.0,-0.2923,100.152,Hydro,,,,,PLN-South Sumatera Generation Unit,Indonesia Power Generation,https://repit.wordpress.com/,CARMA,1026095,,,,,,,,,,319.89,238.5,290.43,325.76,335.29,HYDRO-V1,HYDRO-V1,HYDRO-V1,HYDRO-V1,HYDRO-V1
15687,IDN,Indonesia,Medan Steel Mill Power Plant,WRI1075810,60.0,3.6676,98.6654,Coal,,,,2017.0,PT Gahapi Nisco Steel,GCPT,https://endcoal.org/global-coal-plant-tracker/,GCPT,,,,,,,,,,,,,,,326.51,NO-ESTIMATION,NO-ESTIMATION,NO-ESTIMATION,NO-ESTIMATION,CAPACITY-FACTOR-V1
15688,IDN,Indonesia,Mendalan - Brantas,WRI1000788,23.0,-7.854,112.3316,Hydro,,,,,PLN - Java Bali Generation Unit / PT. PJB,Indonesia Power Generation,https://repit.wordpress.com/,CARMA,1026099,,,,,,,,,,89.18,64.91,69.64,87.87,83.64,HYDRO-V1,HYDRO-V1,HYDRO-V1,HYDRO-V1,HYDRO-V1
15689,IDN,Indonesia,Merak power station,WRI1075811,120.0,-5.884,106.0642,Coal,,,,2014.0,PT Merak Energi,GCPT,https://endcoal.org/global-coal-plant-tracker/,GCPT,,,,,,,,,,,,,,,653.03,NO-ESTIMATION,NO-ESTIMATION,NO-ESTIMATION,NO-ESTIMATION,CAPACITY-FACTOR-V1
15690,IDN,Indonesia,Minahasa - rental,WRI1000791,35.0,-1.4789,122.3858,Oil,,,,,PLN - rental,Indonesia Power Generation,https://repit.wordpress.com/,CARMA,1026100,,,,,,,,,,,,,,63.17,NO-ESTIMATION,NO-ESTIMATION,NO-ESTIMATION,NO-ESTIMATION,CAPACITY-FACTOR-V1
15691,IDN,Indonesia,Musi,WRI1000792,215.475,-3.766,102.435,Hydro,,,,,PLN-South Sumatera Generation Unit,Indonesia Power Generation,https://repit.wordpress.com/,GEODB,1026105,,,,,,,,,,561.45,422.24,513.22,571.75,588.43,HYDRO-V1,HYDRO-V1,HYDRO-V1,HYDRO-V1,HYDRO-V1
15692,IDN,Indonesia,Ngebel - Pamekasan,WRI1000793,2.2,-7.7891,111.6167,Hydro,,,,,PLN - Java Bali Generation Unit / PT. PJB,Indonesia Power Generation,https://repit.wordpress.com/,CARMA,1026106,,,,,,,,,,7.89,7.12,8.26,8.38,7.91,HYDRO-V1,HYDRO-V1,HYDRO-V1,HYDRO-V1,HYDRO-V1
15693,IDN,Indonesia,North Duri Cogeneration Plant,WRI1000794,300.0,1.3722,101.226,Gas,,,,,PT Mandau Cipta Tenaga Nusanatara (subsidiary of Chevron),Indonesia Power Generation,https://repit.wordpress.com/,WRI,1092378,,,,,,,,,,,,,,1250.01,NO-ESTIMATION,NO-ESTIMATION,NO-ESTIMATION,NO-ESTIMATION,CAPACITY-FACTOR-V1
15694,IDN,Indonesia,PB. Sudirman/Mrica,WRI1000800,180.9,-7.3927,109.6054,Hydro,,,,,PLN - PT. Indonesia Power,Indonesia Power Generation,https://repit.wordpress.com/,GEODB,1026120,,,,,,,,,,574.49,398.71,459.9,565.77,567.57,HYDRO-V1,HYDRO-V1,HYDRO-V1,HYDRO-V1,HYDRO-V1
15695,IDN,Indonesia,PLTG (ex PLTD Sunyaragi),WRI1000809,18.0,-7.4064,109.5842,Gas,,,,,PLN-South Sumatera Generation Unit,Indonesia Power Generation,https://repit.wordpress.com/,CARMA,1026057,,,,,,,,,,,,,,75.0,NO-ESTIMATION,NO-ESTIMATION,NO-ESTIMATION,NO-ESTIMATION,CAPACITY-FACTOR-V1
15696,IDN,Indonesia,PLTG Belawan,WRI1000817,260.0,3.5833,98.6667,Gas,,,,,PLN / KITSUMBAGUT,Indonesia Power Generation,https://repit.wordpress.com/,CARMA,1026045,,,,,,,,,,,,,,1083.34,NO-ESTIMATION,NO-ESTIMATION,NO-ESTIMATION,NO-ESTIMATION,CAPACITY-FACTOR-V1
15697,IDN,Indonesia,PLTG Belawan TTF,WRI1000818,105.0,3.5833,98.6667,Gas,,,,,PLN / KITSUMBAGUT,Indonesia Power Generation,https://repit.wordpress.com/,CARMA,1026045,,,,,,,,,,,,,,437.5,NO-ESTIMATION,NO-ESTIMATION,NO-ESTIMATION,NO-ESTIMATION,CAPACITY-FACTOR-V1
15698,IDN,Indonesia,PLTG Cikarang Listrindo,WRI1000821,150.0,-6.1133,106.7788,Gas,,,,,PT. Cikarang Listrindo,Indonesia Power Generation,https://repit.wordpress.com/,CARMA,,,,,,,,,,,,,,,625.0,NO-ESTIMATION,NO-ESTIMATION,NO-ESTIMATION,NO-ESTIMATION,CAPACITY-FACTOR-V1
15699,IDN,Indonesia,PLTG Cilacap,WRI1000822,55.0,-7.7264,109.0094,Gas,,,,,PLN – Indonesia Power,Indonesia Power Generation,https://repit.wordpress.com/,CARMA,,,,,,,,,,,,,,,229.17,NO-ESTIMATION,NO-ESTIMATION,NO-ESTIMATION,NO-ESTIMATION,CAPACITY-FACTOR-V1
15700,IDN,Indonesia,PLTG Duri ex PLTG Sunyaragi Cent Java,WRI1000824,20.0,-7.4064,109.5842,Gas,,,,,PLN,Indonesia Power Generation,https://repit.wordpress.com/,CARMA,1026057,,,,,,,,,,,,,,83.33,NO-ESTIMATION,NO-ESTIMATION,NO-ESTIMATION,NO-ESTIMATION,CAPACITY-FACTOR-V1
15701,IDN,Indonesia,PLTG Gilimanuk,WRI1000825,133.0,-8.1716,114.4344,Gas,,,,,PT. Indonesia Power,Indonesia Power Generation,https://repit.wordpress.com/,CARMA,1050217,,,,,,,,,,,,,,554.17,NO-ESTIMATION,NO-ESTIMATION,NO-ESTIMATION,NO-ESTIMATION,CAPACITY-FACTOR-V1
15702,IDN,Indonesia,PLTG Grati,WRI1000829,302.0,-7.6517,113.0244,Gas,,,,,PT. Indonesia Power,Indonesia Power Generation,https://repit.wordpress.com/,GEODB,1026069,,,,,,,,,,,,,,1258.35,NO-ESTIMATION,NO-ESTIMATION,NO-ESTIMATION,NO-ESTIMATION,CAPACITY-FACTOR-V1
15703,IDN,Indonesia,PLTG Gresik,WRI1000830,80.0,-7.1633,112.6615,Gas,,,,,PLN – Java Bali Generation Unit / PT. PJB,Indonesia Power Generation,https://repit.wordpress.com/,GEODB,1026070,,,,,,,,,,,,,,333.33,NO-ESTIMATION,NO-ESTIMATION,NO-ESTIMATION,NO-ESTIMATION,CAPACITY-FACTOR-V1
15704,IDN,Indonesia,PLTG Keramasan,WRI1000833,145.0,-2.9167,104.7458,Gas,,,,,PT Asta Keramasan Energy (AKE),Indonesia Power Generation,https://repit.wordpress.com/,CARMA,1026111,,,,,,,,,,,,,,604.17,NO-ESTIMATION,NO-ESTIMATION,NO-ESTIMATION,NO-ESTIMATION,CAPACITY-FACTOR-V1
15705,IDN,Indonesia,PLTG Keramasan #1 2 3 4,WRI1000834,65.0,-2.9167,104.7458,Gas,,,,,PLN-South Sumatera Generation Unit,Indonesia Power Generation,https://repit.wordpress.com/,CARMA,1026111,,,,,,,,,,,,,,270.83,NO-ESTIMATION,NO-ESTIMATION,NO-ESTIMATION,NO-ESTIMATION,CAPACITY-FACTOR-V1
15706,IDN,Indonesia,PLTG Krakatau Posco Energy,WRI1000835,200.0,-6.0048,105.9961,Gas,,,,,PT. Krakatau Posco Energy (JV : Korea Posco Energy (70%) + PT. Krakatau Daya Listrik (30%)),Indonesia Power Generation,https://repit.wordpress.com/,WRI,,,,,,,,,,,,,,,833.34,NO-ESTIMATION,NO-ESTIMATION,NO-ESTIMATION,NO-ESTIMATION,CAPACITY-FACTOR-V1
15707,IDN,Indonesia,PLTG Muara Tawar B-3,WRI1000836,420.0,-6.0867,106.9987,Gas,,,,,PT. PJB,Indonesia Power Generation,https://repit.wordpress.com/,GEODB,1026103,,,,,,,,,,,,,,1750.02,NO-ESTIMATION,NO-ESTIMATION,NO-ESTIMATION,NO-ESTIMATION,CAPACITY-FACTOR-V1
15708,IDN,Indonesia,PLTG Muara Tawar Block 4,WRI1000837,420.0,-6.0867,106.9987,Gas,,,,,PT. PJB,Indonesia Power Generation,https://repit.wordpress.com/,GEODB,1026103,,,,,,,,,,,,,,1750.02,NO-ESTIMATION,NO-ESTIMATION,NO-ESTIMATION,NO-ESTIMATION,CAPACITY-FACTOR-V1
15709,IDN,Indonesia,PLTG Pemaron,WRI1000844,97.0,-8.1189,115.0887,Gas,,,,,PT. Indonesia Power,Indonesia Power Generation,https://repit.wordpress.com/,CARMA,1054581,,,,,,,,,,,,,,404.17,NO-ESTIMATION,NO-ESTIMATION,NO-ESTIMATION,NO-ESTIMATION,CAPACITY-FACTOR-V1
15710,IDN,Indonesia,PLTG Pesanggaran,WRI1000845,122.0,-8.7157,115.214,Gas,,,,,PT. Indonesia Power,Indonesia Power Generation,https://repit.wordpress.com/,CARMA,1026037,,,,,,,,,,,,,,508.34,NO-ESTIMATION,NO-ESTIMATION,NO-ESTIMATION,NO-ESTIMATION,CAPACITY-FACTOR-V1
15711,IDN,Indonesia,PLTG Priok,WRI1000846,52.0,-6.1071,106.8716,Gas,,,,,PT. Indonesia Power,Indonesia Power Generation,https://repit.wordpress.com/,WRI,,,,,,,,,,,,,,,216.66,NO-ESTIMATION,NO-ESTIMATION,NO-ESTIMATION,NO-ESTIMATION,CAPACITY-FACTOR-V1
15712,IDN,Indonesia,PLTG Sengkang/Wajo,WRI1000849,180.0,-5.14,119.4221,Gas,,,,,PT. Energy Sengkang,Indonesia Power Generation,https://repit.wordpress.com/,CARMA,1025923,,,,,,,,,,,,,,750.01,NO-ESTIMATION,NO-ESTIMATION,NO-ESTIMATION,NO-ESTIMATION,CAPACITY-FACTOR-V1
15713,IDN,Indonesia,PLTG Sunyaragi 1 2 3 4,WRI1000855,80.0,-7.4064,109.5842,Gas,,,,,PLN – Indonesia Power,Indonesia Power Generation,https://repit.wordpress.com/,CARMA,1026057,,,,,,,,,,,,,,333.33,NO-ESTIMATION,NO-ESTIMATION,NO-ESTIMATION,NO-ESTIMATION,CAPACITY-FACTOR-V1
15714,IDN,Indonesia,PLTG Tarakan,WRI1000858,23.0,3.3,117.6333,Gas,,,,,PT. Cahaya Sakti,Indonesia Power Generation,https://repit.wordpress.com/,CARMA,1064213,,,,,,,,,,,,,,95.83,NO-ESTIMATION,NO-ESTIMATION,NO-ESTIMATION,NO-ESTIMATION,CAPACITY-FACTOR-V1
15715,IDN,Indonesia,PLTG Tello,WRI1000859,123.0,-5.14,119.4221,Gas,,,,,PLN-South&South East Sulawesi Regional Unit,Indonesia Power Generation,https://repit.wordpress.com/,CARMA,1026174,,,,,,,,,,,,,,512.5,NO-ESTIMATION,NO-ESTIMATION,NO-ESTIMATION,NO-ESTIMATION,CAPACITY-FACTOR-V1
15716,IDN,Indonesia,PLTGB Singkawang,WRI1000867,9.0,0.9,109.0,Gas,,,,,PLT – rented from PT. Krista Inti Persada,Indonesia Power Generation,https://repit.wordpress.com/,CARMA,1041391,,,,,,,,,,,,,,37.5,NO-ESTIMATION,NO-ESTIMATION,NO-ESTIMATION,NO-ESTIMATION,CAPACITY-FACTOR-V1
15717,IDN,Indonesia,PLTGB Tanjung Batu,WRI1000868,2.0,-0.5,117.15,Gas,,,,,PLN – sewa,Indonesia Power Generation,https://repit.wordpress.com/,CARMA,1050072,,,,,,,,,,,,,,8.33,NO-ESTIMATION,NO-ESTIMATION,NO-ESTIMATION,NO-ESTIMATION,CAPACITY-FACTOR-V1
15718,IDN,Indonesia,PLTGU Bekasi Power,WRI1000870,130.0,-6.2611,107.1528,Gas,,,,,PT. Bekasi Power/PT. Kawasan Industri Jababeka Tbk,Indonesia Power Generation,https://repit.wordpress.com/,CARMA,1075035,,,,,,,,,,,,,,541.67,NO-ESTIMATION,NO-ESTIMATION,NO-ESTIMATION,NO-ESTIMATION,CAPACITY-FACTOR-V1
15719,IDN,Indonesia,PLTGU Belawan – Sicanang,WRI1000871,817.0,3.7715,98.6687,Gas,,,,,PLN / KITSUMBAGUT,Indonesia Power Generation,https://repit.wordpress.com/,WRI,1026045,,,,,,,,,,,,,,3404.21,NO-ESTIMATION,NO-ESTIMATION,NO-ESTIMATION,NO-ESTIMATION,CAPACITY-FACTOR-V1
15720,IDN,Indonesia,PLTGU Cilegon,WRI1000874,903.0,-5.9306,106.1042,Gas,,,,,PLN Cilegon Generation Unit,Indonesia Power Generation,https://repit.wordpress.com/,WRI,,,,,,,,,,,,,,,3762.55,NO-ESTIMATION,NO-ESTIMATION,NO-ESTIMATION,NO-ESTIMATION,CAPACITY-FACTOR-V1
15721,IDN,Indonesia,PLTGU Grati,WRI1000875,461.0,-7.6517,113.0244,Gas,,,,,PT. Indonesia Power,Indonesia Power Generation,https://repit.wordpress.com/,GEODB,1026069,,,,,,,,,,,,,,1920.86,NO-ESTIMATION,NO-ESTIMATION,NO-ESTIMATION,NO-ESTIMATION,CAPACITY-FACTOR-V1
15722,IDN,Indonesia,PLTGU Gresik,WRI1000876,1579.0,-7.1633,112.6615,Gas,,,,,PLN – Java Bali Generation Unit / PT. PJB,Indonesia Power Generation,https://repit.wordpress.com/,GEODB,1026070,,,,,,,,,,,,,,6579.26,NO-ESTIMATION,NO-ESTIMATION,NO-ESTIMATION,NO-ESTIMATION,CAPACITY-FACTOR-V1
15723,IDN,Indonesia,PLTGU Krakatau Daya Listrik (KDL),WRI1000878,400.0,-5.9924,105.9849,Gas,,,,,PT. Krakatau Daya Listrik,Indonesia Power Generation,https://repit.wordpress.com/,WRI,,,,,,,,,,,,,,,1666.69,NO-ESTIMATION,NO-ESTIMATION,NO-ESTIMATION,NO-ESTIMATION,CAPACITY-FACTOR-V1
15724,IDN,Indonesia,PLTGU Muara Karang Block I,WRI1000879,509.0,-6.1087,106.7877,Gas,,,,,PLN – Java Bali Generation Unit / PT. PJB,Indonesia Power Generation,https://repit.wordpress.com/,GEODB,1026102,,,,,,,,,,,,,,2120.86,NO-ESTIMATION,NO-ESTIMATION,NO-ESTIMATION,NO-ESTIMATION,CAPACITY-FACTOR-V1
15725,IDN,Indonesia,PLTGU Muara Karang repowering,WRI1000880,753.0,-6.1087,106.7877,Gas,,,,,PLN – Java Bali Generation Unit / PT. PJB,Indonesia Power Generation,https://repit.wordpress.com/,GEODB,1026102,,,,,,,,,,,,,,3137.54,NO-ESTIMATION,NO-ESTIMATION,NO-ESTIMATION,NO-ESTIMATION,CAPACITY-FACTOR-V1
15726,IDN,Indonesia,PLTGU Muara Karang repowering Blok 2,WRI1000881,210.0,-6.1087,106.7877,Gas,,,,,PLN – Java Bali Generation Unit / PT. PJB,Indonesia Power Generation,https://repit.wordpress.com/,GEODB,1026102,,,,,,,,,,,,,,875.01,NO-ESTIMATION,NO-ESTIMATION,NO-ESTIMATION,NO-ESTIMATION,CAPACITY-FACTOR-V1
15727,IDN,Indonesia,PLTGU Muara Tawar Block 1 &2,WRI1000882,920.0,-6.0867,106.9987,Gas,,,,,PT. PJB,Indonesia Power Generation,https://repit.wordpress.com/,GEODB,1026103,,,,,,,,,,,,,,3833.39,NO-ESTIMATION,NO-ESTIMATION,NO-ESTIMATION,NO-ESTIMATION,CAPACITY-FACTOR-V1
15728,IDN,Indonesia,PLTGU Muara Tawar Block 5,WRI1000883,384.0,-6.0867,106.9987,Gas,,,,,PT. PJB,Indonesia Power Generation,https://repit.wordpress.com/,GEODB,1026103,,,,,,,,,,,,,,1600.02,NO-ESTIMATION,NO-ESTIMATION,NO-ESTIMATION,NO-ESTIMATION,CAPACITY-FACTOR-V1
15729,IDN,Indonesia,PLTGU Priok Block 1   2,WRI1000885,1180.0,-6.1102,106.8671,Gas,,,,,PT. Indonesia Power,Indonesia Power Generation,https://repit.wordpress.com/,WRI,,,,,,,,,,,,,,,4916.73,NO-ESTIMATION,NO-ESTIMATION,NO-ESTIMATION,NO-ESTIMATION,CAPACITY-FACTOR-V1
15730,IDN,Indonesia,PLTGU Sengkang/Wajo,WRI1000886,135.0,-5.14,119.4221,Gas,,,,,PT. Energy Sengkang,Indonesia Power Generation,https://repit.wordpress.com/,CARMA,1025923,,,,,,,,,,,,,,562.5,NO-ESTIMATION,NO-ESTIMATION,NO-ESTIMATION,NO-ESTIMATION,CAPACITY-FACTOR-V1
15731,IDN,Indonesia,PLTGU Tambak Lorok,WRI1000887,1034.0,-6.9505,110.434,Gas,,,,,PLN – Indonesia Power,Indonesia Power Generation,https://repit.wordpress.com/,GEODB,1026156,,,,,,,,,,,,,,4308.39,NO-ESTIMATION,NO-ESTIMATION,NO-ESTIMATION,NO-ESTIMATION,CAPACITY-FACTOR-V1
15732,IDN,Indonesia,PLTMG Panaran,WRI1000894,24.0,0.1807,101.8444,Gas,,,,,bright PLN Batam,Indonesia Power Generation,https://repit.wordpress.com/,CARMA,1060287,,,,,,,,,,,,,,100.0,NO-ESTIMATION,NO-ESTIMATION,NO-ESTIMATION,NO-ESTIMATION,CAPACITY-FACTOR-V1
15733,IDN,Indonesia,PLTMG Pulau Bunyu,WRI1000898,2.0,3.5,117.8333,Gas,,,,,PLN,Indonesia Power Generation,https://repit.wordpress.com/,CARMA,,,,,,,,,,,,,,,8.33,NO-ESTIMATION,NO-ESTIMATION,NO-ESTIMATION,NO-ESTIMATION,CAPACITY-FACTOR-V1
15734,IDN,Indonesia,PLTMG Tj. Jabung,WRI1000904,8.0,-1.0167,104.3667,Gas,,,,,PT. Tanjung Jabung Power,Indonesia Power Generation,https://repit.wordpress.com/,CARMA,,,,,,,,,,,,,,,33.33,NO-ESTIMATION,NO-ESTIMATION,NO-ESTIMATION,NO-ESTIMATION,CAPACITY-FACTOR-V1
15735,IDN,Indonesia,PLTU - Palu - Mpanau - Tawaeli,WRI1000906,30.0,-0.8917,119.8707,Coal,,,,,PT. Pusaka Jaya Palu Power,Indonesia Power Generation,https://repit.wordpress.com/,CARMA,,,,,,,,,,,,,,,163.25,NO-ESTIMATION,NO-ESTIMATION,NO-ESTIMATION,NO-ESTIMATION,CAPACITY-FACTOR-V1
15736,IDN,Indonesia,PLTU -Jeneponto I & II,WRI1000907,250.0,-5.6184,119.5506,Coal,,,,,PT Bosowa Energy,Indonesia Power Generation,https://repit.wordpress.com/,WRI,,,,,,,,,,,,,,,1360.49,NO-ESTIMATION,NO-ESTIMATION,NO-ESTIMATION,NO-ESTIMATION,CAPACITY-FACTOR-V1
15737,IDN,Indonesia,PLTU Asam-asam 1 & 2,WRI1000910,260.0,-3.9253,115.1043,Coal,,,,,PLN - South Kalimantan Regional Unit,Indonesia Power Generation,https://repit.wordpress.com/,WRI,,,,,,,,,,,,,,,1414.91,NO-ESTIMATION,NO-ESTIMATION,NO-ESTIMATION,NO-ESTIMATION,CAPACITY-FACTOR-V1
15738,IDN,Indonesia,PLTU Banjarsari/Merapi Timur-Lahat,WRI1000913,220.0,-3.7241,103.6894,Coal,,,,,PT. Bukit Pembangkit Inovatif (PT BA 59.75%  PT PJB 29.15% dan PT Navigate Innovative Indonesia (PT NII) 11.1%),Indonesia Power Generation,https://repit.wordpress.com/,WRI,1057264,,,,,,,,,,,,,,1197.23,NO-ESTIMATION,NO-ESTIMATION,NO-ESTIMATION,NO-ESTIMATION,CAPACITY-FACTOR-V1
15739,IDN,Indonesia,PLTU Banten 1 - Suralaya unit 8,WRI1000914,625.0,-6.0585,106.4646,Coal,,,,,PLN -.PT Indonesia Power - 2010,Indonesia Power Generation,https://repit.wordpress.com/,GEODB,1026152,,,,,,,,,,,,,,3401.23,NO-ESTIMATION,NO-ESTIMATION,NO-ESTIMATION,NO-ESTIMATION,CAPACITY-FACTOR-V1
15740,IDN,Indonesia,PLTU Banten 2 - Labuhan,WRI1000915,600.0,-6.3919,105.8288,Coal,,,,,PLN / 2010,Indonesia Power Generation,https://repit.wordpress.com/,WRI,,,,,,,,,,,,,,,3265.18,NO-ESTIMATION,NO-ESTIMATION,NO-ESTIMATION,NO-ESTIMATION,CAPACITY-FACTOR-V1
15741,IDN,Indonesia,PLTU Banten 3 - Teluk Naga/Lontar,WRI1000916,945.0,-6.0585,106.4646,Coal,,,,,PLN + Dongfang Electrik Corp  PT Dalle Energy,Indonesia Power Generation,https://repit.wordpress.com/,GEODB,,,,,,,,,,,,,,,5142.66,NO-ESTIMATION,NO-ESTIMATION,NO-ESTIMATION,NO-ESTIMATION,CAPACITY-FACTOR-V1
15742,IDN,Indonesia,PLTU Bilibili,WRI1000918,2.0,-2.5213,121.357,Coal,,,,,PLN-South&South East Sulawesi Regional Unit,Indonesia Power Generation,https://repit.wordpress.com/,CARMA,,,,,,,,,,,,,,,10.88,NO-ESTIMATION,NO-ESTIMATION,NO-ESTIMATION,NO-ESTIMATION,CAPACITY-FACTOR-V1
15743,IDN,Indonesia,PLTU Bukit Asam,WRI1000919,30.0,-3.7316,103.7975,Coal,,,,,PT BA for own use,Indonesia Power Generation,https://repit.wordpress.com/,GEODB,1026052,,,,,,,,,,,,,,163.25,NO-ESTIMATION,NO-ESTIMATION,NO-ESTIMATION,NO-ESTIMATION,CAPACITY-FACTOR-V1
15744,IDN,Indonesia,PLTU Cilacap 1 & 2,WRI1000920,600.0,-7.7513,109.0186,Coal,,,,,PT. Sumber Segara Primadaya,Indonesia Power Generation,https://repit.wordpress.com/,GEODB,1050225,,,,,,,,,,,,,,3265.18,NO-ESTIMATION,NO-ESTIMATION,NO-ESTIMATION,NO-ESTIMATION,CAPACITY-FACTOR-V1
15745,IDN,Indonesia,PLTU Cirebon,WRI1000921,660.0,-6.7704,108.6151,Coal,,,,,PT. Cirebon Electric Power,Indonesia Power Generation,https://repit.wordpress.com/,GEODB,1066870,,,,,,,,,,,,,,3591.7,NO-ESTIMATION,NO-ESTIMATION,NO-ESTIMATION,NO-ESTIMATION,CAPACITY-FACTOR-V1
15746,IDN,Indonesia,PLTU Embalut - Tanjung Batu,WRI1000925,50.0,-0.5,117.15,Coal,,,,,PT. Cahaya Fajar Kaltim,Indonesia Power Generation,https://repit.wordpress.com/,CARMA,1058260,,,,,,,,,,,,,,272.09,NO-ESTIMATION,NO-ESTIMATION,NO-ESTIMATION,NO-ESTIMATION,CAPACITY-FACTOR-V1
15747,IDN,Indonesia,PLTU Gresik,WRI1000929,600.0,-7.1633,112.6615,Coal,,,,,PLN - Java Bali Generation Unit / PT. PJB,Indonesia Power Generation,https://repit.wordpress.com/,WRI,1026070,,,,,,,,,,,,,,3265.18,NO-ESTIMATION,NO-ESTIMATION,NO-ESTIMATION,NO-ESTIMATION,CAPACITY-FACTOR-V1
15748,IDN,Indonesia,PLTU Hendratna,WRI1000932,5.0,-2.5213,121.357,Coal,,,,,PT. Hendratna Plywood,Indonesia Power Generation,https://repit.wordpress.com/,CARMA,,,,,,,,,,,,,,,27.2,NO-ESTIMATION,NO-ESTIMATION,NO-ESTIMATION,NO-ESTIMATION,CAPACITY-FACTOR-V1
15749,IDN,Indonesia,PLTU Jabar Selatan - Pelabuhan Ratu,WRI1000938,1050.0,-7.0242,106.5464,Coal,,,,,PLN,Indonesia Power Generation,https://repit.wordpress.com/,GEODB,1066867,,,,,,,,,,,,,,5714.07,NO-ESTIMATION,NO-ESTIMATION,NO-ESTIMATION,NO-ESTIMATION,CAPACITY-FACTOR-V1
15750,IDN,Indonesia,PLTU Jawa Barat - Indramayu,WRI1000939,990.0,-6.2747,107.9704,Coal,,,,,PLN + China National Electric Engineering Co.  Ltd. (CNEEC),Indonesia Power Generation,https://repit.wordpress.com/,GEODB,1071378,,,,,,,,,,,,,,5387.55,NO-ESTIMATION,NO-ESTIMATION,NO-ESTIMATION,NO-ESTIMATION,CAPACITY-FACTOR-V1
15751,IDN,Indonesia,PLTU Jawa Tengah 1 - Rembang,WRI1000940,630.0,-6.636,111.4749,Coal,,,,,PLN(EPC : Zeland-Priamanaya-Tronoh),Indonesia Power Generation,https://repit.wordpress.com/,GEODB,1065762,,,,,,,,,,,,,,3428.44,NO-ESTIMATION,NO-ESTIMATION,NO-ESTIMATION,NO-ESTIMATION,CAPACITY-FACTOR-V1
15752,IDN,Indonesia,PLTU Kaur,WRI1000943,200.0,-2.5213,121.357,Coal,,,,,PLN,Indonesia Power Generation,https://repit.wordpress.com/,CARMA,,,,,,,,,,,,,,,1088.39,NO-ESTIMATION,NO-ESTIMATION,NO-ESTIMATION,NO-ESTIMATION,CAPACITY-FACTOR-V1
15753,IDN,Indonesia,PLTU Keramasan,WRI1000945,25.0,-2.5213,121.357,Coal,,,,,PLN-South Sumatera Generation Unit,Indonesia Power Generation,https://repit.wordpress.com/,CARMA,1026111,,,,,,,,,,,,,,136.04,NO-ESTIMATION,NO-ESTIMATION,NO-ESTIMATION,NO-ESTIMATION,CAPACITY-FACTOR-V1
15754,IDN,Indonesia,PLTU Kupang,WRI1000947,30.0,-2.5213,121.357,Coal,,,,,PT. Indonesia Power & electrindo Perkasa Utama,Indonesia Power Generation,https://repit.wordpress.com/,CARMA,1026086,,,,,,,,,,,,,,163.25,NO-ESTIMATION,NO-ESTIMATION,NO-ESTIMATION,NO-ESTIMATION,CAPACITY-FACTOR-V1
15755,IDN,Indonesia,PLTU Labuhan Angin,WRI1000948,230.0,1.7176,98.7265,Coal,,,,,PLN - North Sumatera Generation Unit,Indonesia Power Generation,https://repit.wordpress.com/,CARMA,1066585,,,,,,,,,,,,,,1251.65,NO-ESTIMATION,NO-ESTIMATION,NO-ESTIMATION,NO-ESTIMATION,CAPACITY-FACTOR-V1
15756,IDN,Indonesia,PLTU Lati,WRI1000949,14.0,-2.5213,121.357,Coal,,,,,PLN - East Kalimantan Regional Unit,Indonesia Power Generation,https://repit.wordpress.com/,CARMA,1088444,,,,,,,,,,,,,,76.18,NO-ESTIMATION,NO-ESTIMATION,NO-ESTIMATION,NO-ESTIMATION,CAPACITY-FACTOR-V1
15757,IDN,Indonesia,PLTU Listrindo,WRI1000950,2.5,-2.5213,121.357,Coal,,,,,PT. Listrindo (IPP),Indonesia Power Generation,https://repit.wordpress.com/,CARMA,,,,,,,,,,,,,,,13.6,NO-ESTIMATION,NO-ESTIMATION,NO-ESTIMATION,NO-ESTIMATION,CAPACITY-FACTOR-V1
15758,IDN,Indonesia,PLTU Muara Karang,WRI1000954,400.0,-6.1069,106.7882,Coal,,,,,PLN - Java Bali Generation Unit / PT. PJB,Indonesia Power Generation,https://repit.wordpress.com/,WRI,1026102,,,,,,,,,,,,,,2176.79,NO-ESTIMATION,NO-ESTIMATION,NO-ESTIMATION,NO-ESTIMATION,CAPACITY-FACTOR-V1
15759,IDN,Indonesia,PLTU NAD-Nagan Raya,WRI1000956,220.0,4.1089,96.1972,Coal,,,,,PLN (EPC : Sinohydro Co. Ltd),Indonesia Power Generation,https://repit.wordpress.com/,WRI,1073026,,,,,,,,,,,,,,1197.23,NO-ESTIMATION,NO-ESTIMATION,NO-ESTIMATION,NO-ESTIMATION,CAPACITY-FACTOR-V1
15760,IDN,Indonesia,PLTU Ombilin - Sijantang - Sawahlunto,WRI1000960,200.0,-0.6094,100.7535,Coal,,,,,PLN-South Sumatera Generation Unit,Indonesia Power Generation,https://repit.wordpress.com/,GEODB,1026107,,,,,,,,,,,,,,1088.39,NO-ESTIMATION,NO-ESTIMATION,NO-ESTIMATION,NO-ESTIMATION,CAPACITY-FACTOR-V1
15761,IDN,Indonesia,PLTU Paiton I Unit 7 & 8,WRI1000941,5355.0,-7.7184,113.5827,Coal,,,,,PT. Paiton Energy Corp,Indonesia Power Generation,https://repit.wordpress.com/,WRI,1026016,,,,,,,,,,,,,,29141.78,NO-ESTIMATION,NO-ESTIMATION,NO-ESTIMATION,NO-ESTIMATION,CAPACITY-FACTOR-V1
15762,IDN,Indonesia,PLTU Pakerin,WRI1000965,34.0,-2.5213,121.357,Coal,,,,,PT. Pakerin (pulp industry),Indonesia Power Generation,https://repit.wordpress.com/,CARMA,,,,,,,,,,,,,,,185.02,NO-ESTIMATION,NO-ESTIMATION,NO-ESTIMATION,NO-ESTIMATION,CAPACITY-FACTOR-V1
15763,IDN,Indonesia,PLTU Pangkalan Bun,WRI1000966,14.0,-2.6833,111.6167,Coal,,,,,PT. Energi Listrik Indonesia (subsidiary of PT. Eksploitasi Energi Indonesia),Indonesia Power Generation,https://repit.wordpress.com/,CARMA,1026115,,,,,,,,,,,,,,76.18,NO-ESTIMATION,NO-ESTIMATION,NO-ESTIMATION,NO-ESTIMATION,CAPACITY-FACTOR-V1
15764,IDN,Indonesia,PLTU Pangkalan Susu 1 & 2,WRI1000967,400.0,4.1196,98.2555,Coal,,,,,PLN (EPC : PT. Bagus Karya  Guangdong Power Engineering  PT. Nincec Multi Dimensi),Indonesia Power Generation,https://repit.wordpress.com/,WRI,1079188,,,,,,,,,,,,,,2176.79,NO-ESTIMATION,NO-ESTIMATION,NO-ESTIMATION,NO-ESTIMATION,CAPACITY-FACTOR-V1
15765,IDN,Indonesia,PLTU Perak,WRI1000970,100.0,-7.2492,112.7508,Coal,,,,,PLN - PT. Indonesia Power,Indonesia Power Generation,https://repit.wordpress.com/,CARMA,,,,,,,,,,,,,,,544.19,NO-ESTIMATION,NO-ESTIMATION,NO-ESTIMATION,NO-ESTIMATION,CAPACITY-FACTOR-V1
15766,IDN,Indonesia,PLTU Priok 3 & 4,WRI1000972,100.0,-6.1071,106.8716,Coal,,,,,PT. Indonesia Power,Indonesia Power Generation,https://repit.wordpress.com/,WRI,,,,,,,,,,,,,,,544.19,NO-ESTIMATION,NO-ESTIMATION,NO-ESTIMATION,NO-ESTIMATION,CAPACITY-FACTOR-V1
15767,IDN,Indonesia,PLTU Rancong,WRI1000974,30.0,-2.5213,121.357,Coal,,,,,PT. Jorindo Aceh Power,Indonesia Power Generation,https://repit.wordpress.com/,CARMA,,,,,,,,,,,,,,,163.25,NO-ESTIMATION,NO-ESTIMATION,NO-ESTIMATION,NO-ESTIMATION,CAPACITY-FACTOR-V1
15768,IDN,Indonesia,PLTU Sanggau,WRI1000975,14.0,-2.5213,121.357,Coal,,,,,PLN,Indonesia Power Generation,https://repit.wordpress.com/,CARMA,1102412,,,,,,,,,,,,,,76.18,NO-ESTIMATION,NO-ESTIMATION,NO-ESTIMATION,NO-ESTIMATION,CAPACITY-FACTOR-V1
15769,IDN,Indonesia,PLTU Simpang Belimbing,WRI1000978,227.0,-3.4,104.1158,Coal,,,,,PT. Guo Hua Energy Musi Makmur,Indonesia Power Generation,https://repit.wordpress.com/,WRI,1075907,,,,,,,,,,,,,,1235.32,NO-ESTIMATION,NO-ESTIMATION,NO-ESTIMATION,NO-ESTIMATION,CAPACITY-FACTOR-V1
15770,IDN,Indonesia,PLTU Sulawesi Selatan - Barru/FTP1,WRI1000979,100.0,-4.2931,119.6326,Coal,,,,,PLN-South&South East Sulawesi Regional Unit,Indonesia Power Generation,https://repit.wordpress.com/,WRI,,,,,,,,,,,,,,,544.19,NO-ESTIMATION,NO-ESTIMATION,NO-ESTIMATION,NO-ESTIMATION,CAPACITY-FACTOR-V1
15771,IDN,Indonesia,PLTU Sumbar - Teluk sirih Unit 1,WRI1000980,112.0,-1.0772,100.3727,Coal,,,,,PLN (EPC: CNTIC (China National Tecnical Import Corporation)),Indonesia Power Generation,https://repit.wordpress.com/,WRI,1066878,,,,,,,,,,,,,,609.5,NO-ESTIMATION,NO-ESTIMATION,NO-ESTIMATION,NO-ESTIMATION,CAPACITY-FACTOR-V1
15772,IDN,Indonesia,PLTU Suparma,WRI1000981,27.0,-2.5213,121.357,Coal,,,,,PT. Suparma (pulp industry),Indonesia Power Generation,https://repit.wordpress.com/,CARMA,,,,,,,,,,,,,,,146.93,NO-ESTIMATION,NO-ESTIMATION,NO-ESTIMATION,NO-ESTIMATION,CAPACITY-FACTOR-V1
15773,IDN,Indonesia,PLTU Suralaya,WRI1000982,3400.0,-5.892,106.03,Coal,,,,,PLN -.PT Indonesia Power,Indonesia Power Generation,https://repit.wordpress.com/,GEODB,1026152,,,,,,,,,,,,,,18502.72,NO-ESTIMATION,NO-ESTIMATION,NO-ESTIMATION,NO-ESTIMATION,CAPACITY-FACTOR-V1
15774,IDN,Indonesia,PLTU Tabalong,WRI1000983,60.0,-2.5213,121.357,Coal,,,,,PT. Makmur Sejahtera Wisesa (owned by PT. Adaro),Indonesia Power Generation,https://repit.wordpress.com/,CARMA,,,,,,,,,,,,,,,326.51,NO-ESTIMATION,NO-ESTIMATION,NO-ESTIMATION,NO-ESTIMATION,CAPACITY-FACTOR-V1
15775,IDN,Indonesia,PLTU Tambak Lorok,WRI1000984,300.0,-6.9507,110.4304,Coal,,,,,PLN - PT. Indonesia Power,Indonesia Power Generation,https://repit.wordpress.com/,GEODB,1026156,,,,,,,,,,,,,,1632.59,NO-ESTIMATION,NO-ESTIMATION,NO-ESTIMATION,NO-ESTIMATION,CAPACITY-FACTOR-V1
15776,IDN,Indonesia,PLTU Tanjung Alam Perkasa,WRI1000985,7.5,-2.5213,121.357,Coal,,,,,PT. Tanjung Alam Perkasa,Indonesia Power Generation,https://repit.wordpress.com/,CARMA,,,,,,,,,,,,,,,40.81,NO-ESTIMATION,NO-ESTIMATION,NO-ESTIMATION,NO-ESTIMATION,CAPACITY-FACTOR-V1
15777,IDN,Indonesia,PLTU Tanjung Enim -Bukit Asam,WRI1000988,260.0,-3.7316,103.7975,Coal,,,,,PLN-South Sumatera Generation Unit,Indonesia Power Generation,https://repit.wordpress.com/,GEODB,1076783,,,,,,,,,,,,,,1414.91,NO-ESTIMATION,NO-ESTIMATION,NO-ESTIMATION,NO-ESTIMATION,CAPACITY-FACTOR-V1
15778,IDN,Indonesia,PLTU Tanjung Jati B,WRI1000990,1320.0,-6.446,110.7423,Coal,,,,,PT. Central Java Power,Indonesia Power Generation,https://repit.wordpress.com/,GEODB,1052927,,,,,,,,,,,,,,7183.4,NO-ESTIMATION,NO-ESTIMATION,NO-ESTIMATION,NO-ESTIMATION,CAPACITY-FACTOR-V1
15779,IDN,Indonesia,PLTU Tanjung Jati B - expansion,WRI1000991,1324.0,-6.446,110.7423,Coal,,,,,PT. Central Java Power (EPC : Korea Midland Power Co),Indonesia Power Generation,https://repit.wordpress.com/,GEODB,1052927,,,,,,,,,,,,,,7205.17,NO-ESTIMATION,NO-ESTIMATION,NO-ESTIMATION,NO-ESTIMATION,CAPACITY-FACTOR-V1
15780,IDN,Indonesia,PLTU Tanjung Kasam,WRI1000992,110.0,1.0455,104.133,Coal,,,,,PT. Tanjung Kasam Power Batam (PT. TJK Power),Indonesia Power Generation,https://repit.wordpress.com/,WRI,1060288,,,,,,,,,,,,,,598.61,NO-ESTIMATION,NO-ESTIMATION,NO-ESTIMATION,NO-ESTIMATION,CAPACITY-FACTOR-V1
15781,IDN,Indonesia,PLTU Tarahan # 1  2,WRI1000994,200.0,-5.518,105.35,Coal,,,,,Indonesia Power,Indonesia Power Generation,https://repit.wordpress.com/,WRI,1026163,,,,,,,,,,,,,,1088.39,NO-ESTIMATION,NO-ESTIMATION,NO-ESTIMATION,NO-ESTIMATION,CAPACITY-FACTOR-V1
15782,IDN,Indonesia,PLTU Tarahan 3 & 4 - Sebalang,WRI1000995,200.0,-5.518,105.35,Coal,,,,,PLN,Indonesia Power Generation,https://repit.wordpress.com/,WRI,,,,,,,,,,,,,,,1088.39,NO-ESTIMATION,NO-ESTIMATION,NO-ESTIMATION,NO-ESTIMATION,CAPACITY-FACTOR-V1
15783,IDN,Indonesia,PLTU Tello,WRI1000997,25.0,-5.14,119.4221,Coal,,,,,PLN-South&South East Sulawesi Regional Unit,Indonesia Power Generation,https://repit.wordpress.com/,CARMA,,,,,,,,,,,,,,,136.04,NO-ESTIMATION,NO-ESTIMATION,NO-ESTIMATION,NO-ESTIMATION,CAPACITY-FACTOR-V1
15784,IDN,Indonesia,PLTU Tonasa II (Boiler Turbine Generator),WRI1000999,70.0,-4.7846,119.6163,Coal,,,,,PT. Semen Gresik Tbk/PT. Semen Indonesia,Indonesia Power Generation,https://repit.wordpress.com/,WRI,,,,,,,,,,,,,,,380.93,NO-ESTIMATION,NO-ESTIMATION,NO-ESTIMATION,NO-ESTIMATION,CAPACITY-FACTOR-V1
15785,IDN,Indonesia,Pacitan power station,WRI1075812,630.0,-8.2578,111.3736,Coal,,,,2011.0,PT PLN Persero,GCPT,https://endcoal.org/global-coal-plant-tracker/,GCPT,,,,,,,,,,,,,,,3428.44,NO-ESTIMATION,NO-ESTIMATION,NO-ESTIMATION,NO-ESTIMATION,CAPACITY-FACTOR-V1
15786,IDN,Indonesia,Pejengkolan/Mrica,WRI1000801,1.4,-7.5694,109.8006,Hydro,,,,,PLN - PT. Indonesia Power,Indonesia Power Generation,https://repit.wordpress.com/,CARMA,1026121,,,,,,,,,,2.83,2.23,2.96,3.02,3.01,HYDRO-V1,HYDRO-V1,HYDRO-V1,HYDRO-V1,HYDRO-V1
15787,IDN,Indonesia,Pekanbaru Tenayan power station,WRI1075813,220.0,0.5644,101.5234,Coal,,,,2016.0,PT PLN Persero,GCPT,https://endcoal.org/global-coal-plant-tracker/,GCPT,,,,,,,,,,,,,,,1197.23,NO-ESTIMATION,NO-ESTIMATION,NO-ESTIMATION,NO-ESTIMATION,CAPACITY-FACTOR-V1
15788,IDN,Indonesia,Pemaron BOO,WRI1000802,45.0,-8.1189,115.0887,Oil,,,,,PT. Cogindo DayaBersama - rental,Indonesia Power Generation,https://repit.wordpress.com/,CARMA,1054581,,,,,,,,,,,,,,81.23,NO-ESTIMATION,NO-ESTIMATION,NO-ESTIMATION,NO-ESTIMATION,CAPACITY-FACTOR-V1
15789,IDN,Indonesia,Perawang Mill power station,WRI1075814,755.0,0.6893,101.6191,Coal,,,,2009.0,PT Indah Kiat Pulp & Paper,GCPT,https://endcoal.org/global-coal-plant-tracker/,GCPT,,,,,,,,,,,,,,,4108.69,NO-ESTIMATION,NO-ESTIMATION,NO-ESTIMATION,NO-ESTIMATION,CAPACITY-FACTOR-V1
15790,IDN,Indonesia,Pesanggaran,WRI1000803,75.78,-8.7157,115.214,Oil,,,,,INDONESIA POWER UNIT,Indonesia Power Generation,https://repit.wordpress.com/,CARMA,1026037,,,,,,,,,,,,,,136.79,NO-ESTIMATION,NO-ESTIMATION,NO-ESTIMATION,NO-ESTIMATION,CAPACITY-FACTOR-V1
15791,IDN,Indonesia,Pesanggaran BOO,WRI1000804,75.0,-8.7157,115.214,Oil,,,,,Anggreko International - rental,Indonesia Power Generation,https://repit.wordpress.com/,CARMA,1026037,,,,,,,,,,,,,,135.38,NO-ESTIMATION,NO-ESTIMATION,NO-ESTIMATION,NO-ESTIMATION,CAPACITY-FACTOR-V1
15792,IDN,Indonesia,Pesanggaran BOT,WRI1000805,51.0,-8.7157,115.214,Oil,,,,,Anggreko International - rental,Indonesia Power Generation,https://repit.wordpress.com/,CARMA,1026037,,,,,,,,,,,,,,92.06,NO-ESTIMATION,NO-ESTIMATION,NO-ESTIMATION,NO-ESTIMATION,CAPACITY-FACTOR-V1
15793,IDN,Indonesia,Plengan/Saguling,WRI1000806,6.87,-6.9039,107.6186,Hydro,,,,,PLN - PT. Indonesia Power,Indonesia Power Generation,https://repit.wordpress.com/,CARMA,,,,,,,,,,,24.7,24.04,23.47,26.71,23.28,HYDRO-V1,HYDRO-V1,HYDRO-V1,HYDRO-V1,HYDRO-V1
15794,IDN,Indonesia,Purwakarta Indorama Power Station,WRI1075815,60.0,-6.5539,107.4137,Coal,,,,2006.0,PT Indorama Synthetics Tbk,GCPT,https://endcoal.org/global-coal-plant-tracker/,GCPT,,,,,,,,,,,,,,,326.51,NO-ESTIMATION,NO-ESTIMATION,NO-ESTIMATION,NO-ESTIMATION,CAPACITY-FACTOR-V1
15795,IDN,Indonesia,Riam Kanan/pangeran Muhamad Nur,WRI1001004,30.0,-3.5156,115.0074,Hydro,,,,,PLN,Indonesia Power Generation,https://repit.wordpress.com/,WRI,,,,,,,,,,,102.63,81.56,87.65,97.75,102.52,HYDRO-V1,HYDRO-V1,HYDRO-V1,HYDRO-V1,HYDRO-V1
15796,IDN,Indonesia,Saguling,WRI1001005,700.72,-6.9126,107.3663,Hydro,,,,,PLN - PT. Indonesia Power,Indonesia Power Generation,https://repit.wordpress.com/,GEODB,1026135,,,,,,,,,,2110.52,1512.59,2024.74,2178.25,2110.52,HYDRO-V1,HYDRO-V1,HYDRO-V1,HYDRO-V1,HYDRO-V1
15797,IDN,Indonesia,Sempor/Mrica,WRI1001009,1.0,-7.4733,109.3331,Hydro,,,,,PLN - PT. Indonesia Power,Indonesia Power Generation,https://repit.wordpress.com/,CARMA,1050218,,,,,,,,,,3.35,3.45,3.96,3.31,3.53,HYDRO-V1,HYDRO-V1,HYDRO-V1,HYDRO-V1,HYDRO-V1
15798,IDN,Indonesia,Sengguruh - Brantas,WRI1001010,29.0,-8.1764,112.551,Hydro,,,,,PLN - Java Bali Generation Unit / PT. PJB,Indonesia Power Generation,https://repit.wordpress.com/,CARMA,1026143,,,,,,,,,,99.96,68.14,80.5,104.17,99.98,HYDRO-V1,HYDRO-V1,HYDRO-V1,HYDRO-V1,HYDRO-V1
15799,IDN,Indonesia,Sidorejo/Mrica,WRI1001013,1.4,-7.4764,110.2622,Hydro,,,,,PLN - PT. Indonesia Power,Indonesia Power Generation,https://repit.wordpress.com/,CARMA,1050222,,,,,,,,,,3.78,3.83,4.47,3.98,4.23,HYDRO-V1,HYDRO-V1,HYDRO-V1,HYDRO-V1,HYDRO-V1
15800,IDN,Indonesia,Sigura gura (asahan II),WRI1001014,286.0,2.5196,99.2793,Hydro,,,,,PT. Indonesia Asahan aluminium,Indonesia Power Generation,https://repit.wordpress.com/,WRI,,,,,,,,,,,870.63,615.78,742.08,800.14,835.99,HYDRO-V1,HYDRO-V1,HYDRO-V1,HYDRO-V1,HYDRO-V1
15801,IDN,Indonesia,Silae,WRI1001015,43.7,-0.8917,119.8707,Oil,,,,,PLN-Nth & Ctrl Sulawesi & Gorontalo Reg Unit,Indonesia Power Generation,https://repit.wordpress.com/,CARMA,1026112,,,,,,,,,,,,,,78.88,NO-ESTIMATION,NO-ESTIMATION,NO-ESTIMATION,NO-ESTIMATION,CAPACITY-FACTOR-V1
15802,IDN,Indonesia,Singkarak,WRI1001017,175.0,-0.6909,100.6034,Hydro,,,,,PLN-South Sumatera Generation Unit,Indonesia Power Generation,https://repit.wordpress.com/,CARMA,1026146,,,,,,,,,,551.31,462.3,484.64,533.52,559.21,HYDRO-V1,HYDRO-V1,HYDRO-V1,HYDRO-V1,HYDRO-V1
15803,IDN,Indonesia,Sipansihaporas,WRI1001018,50.0,1.7427,98.7792,Hydro,,,,,PLN - North Sumatera Generation Unit,Indonesia Power Generation,https://repit.wordpress.com/,CARMA,1055420,,,,,,,,,,160.65,122.7,148.67,163.59,167.37,HYDRO-V1,HYDRO-V1,HYDRO-V1,HYDRO-V1,HYDRO-V1
15804,IDN,Indonesia,Sulawesi Mining power station,WRI1075816,280.0,-2.8274,122.1553,Coal,,,,2016.0,Sulawesi Mining Investment,GCPT,https://endcoal.org/global-coal-plant-tracker/,GCPT,,,,,,,,,,,,,,,1523.75,NO-ESTIMATION,NO-ESTIMATION,NO-ESTIMATION,NO-ESTIMATION,CAPACITY-FACTOR-V1
15805,IDN,Indonesia,Suppa - Pare pare,WRI1001020,60.0,-4.0135,119.6255,Oil,,,,,PT. Makasar Power (Alsons Power Holdings Corp + Toyota Tsusho Corp/Tomen + Singapore Power),Indonesia Power Generation,https://repit.wordpress.com/,CARMA,1026118,,,,,,,,,,,,,,108.3,NO-ESTIMATION,NO-ESTIMATION,NO-ESTIMATION,NO-ESTIMATION,CAPACITY-FACTOR-V1
15806,IDN,Indonesia,Sutami / Karangkates - Brantas,WRI1001021,105.0,-8.1606,112.4443,Hydro,,,,,PLN - Java Bali Generation Unit / PT. PJB,Indonesia Power Generation,https://repit.wordpress.com/,WRI,1026154,,,,,,,,,,371.79,266.78,301.33,387.04,371.86,HYDRO-V1,HYDRO-V1,HYDRO-V1,HYDRO-V1,HYDRO-V1
15807,IDN,Indonesia,Talang Padang,WRI1001023,12.5,-0.9492,100.3543,Oil,,,,,PLN-South Sumatera Generation Unit,Indonesia Power Generation,https://repit.wordpress.com/,CARMA,1093596,,,,,,,,,,,,,,22.56,NO-ESTIMATION,NO-ESTIMATION,NO-ESTIMATION,NO-ESTIMATION,CAPACITY-FACTOR-V1
15808,IDN,Indonesia,Tangga (asahan II),WRI1001024,317.0,2.5479,99.3028,Hydro,,,,,PT. Indonesia Asahan aluminium,Indonesia Power Generation,https://repit.wordpress.com/,WRI,1025945,,,,,,,,,,965.0,682.53,822.52,886.87,926.6,HYDRO-V1,HYDRO-V1,HYDRO-V1,HYDRO-V1,HYDRO-V1
15809,IDN,Indonesia,Tanjung Awar-Awar power station,WRI1075817,700.0,-6.8105,111.9955,Coal,,,,2012.0,PT PLN Persero,GCPT,https://endcoal.org/global-coal-plant-tracker/,GCPT,,,,,,,,,,,,,,,3809.38,NO-ESTIMATION,NO-ESTIMATION,NO-ESTIMATION,NO-ESTIMATION,CAPACITY-FACTOR-V1
15810,IDN,Indonesia,Tegineneng,WRI1001028,28.2,-5.6015,104.7988,Oil,,,,,PLN-South Sumatera Generation Unit,Indonesia Power Generation,https://repit.wordpress.com/,CARMA,1026165,,,,,,,,,,,,,,50.9,NO-ESTIMATION,NO-ESTIMATION,NO-ESTIMATION,NO-ESTIMATION,CAPACITY-FACTOR-V1
15811,IDN,Indonesia,Tello,WRI1001031,50.092,-5.14,119.4221,Oil,,,,,PLN-South&South East Sulawesi Regional Unit,Indonesia Power Generation,https://repit.wordpress.com/,CARMA,1026174,,,,,,,,,,,,,,90.42,NO-ESTIMATION,NO-ESTIMATION,NO-ESTIMATION,NO-ESTIMATION,CAPACITY-FACTOR-V1
15812,IDN,Indonesia,Tenau Kupang,WRI1001033,34.73,-10.1667,123.5833,Oil,,,,,PLN - East Nusa Tenggara Regional Unit/NTT,Indonesia Power Generation,https://repit.wordpress.com/,CARMA,1026086,,,,,,,,,,,,,,62.69,NO-ESTIMATION,NO-ESTIMATION,NO-ESTIMATION,NO-ESTIMATION,CAPACITY-FACTOR-V1
15813,IDN,Indonesia,Timo / Mrica,WRI1001035,12.0,-6.9485,110.4069,Hydro,,,,,PLN - PT. Indonesia Power,Indonesia Power Generation,https://repit.wordpress.com/,CARMA,1026168,,,,,,,,,,36.17,27.97,34.2,37.89,37.79,HYDRO-V1,HYDRO-V1,HYDRO-V1,HYDRO-V1,HYDRO-V1
15814,IDN,Indonesia,Tulungagung - Brantas,WRI1001038,36.0,-8.0657,111.9025,Hydro,,,,,PLN - Java Bali Generation Unit / PT. PJB,Indonesia Power Generation,https://repit.wordpress.com/,CARMA,1026172,,,,,,,,,,125.46,98.39,106.37,124.04,132.82,HYDRO-V1,HYDRO-V1,HYDRO-V1,HYDRO-V1,HYDRO-V1
15815,IDN,Indonesia,Ubrug/saguling,WRI1001039,18.36,-6.9039,107.6186,Hydro,,,,,PLN - PT. Indonesia Power,Indonesia Power Generation,https://repit.wordpress.com/,CARMA,,,,,,,,,,,67.6,62.66,61.15,72.72,62.42,HYDRO-V1,HYDRO-V1,HYDRO-V1,HYDRO-V1,HYDRO-V1
15816,IDN,Indonesia,Ulubelu 1 & 2,WRI1001040,110.0,-5.3096,104.5733,Geothermal,,,,,PT. PLN,Indonesia Power Generation,https://repit.wordpress.com/,WRI,1011547,,,,,,,,,,,,,,,NO-ESTIMATION,NO-ESTIMATION,NO-ESTIMATION,NO-ESTIMATION,NO-ESTIMATION
15817,IDN,Indonesia,Wayang Windu,WRI1001044,227.0,-7.1966,107.6258,Geothermal,,,,,PT. Star Energy,Indonesia Power Generation,https://repit.wordpress.com/,WRI,1010414,,,,,,,,,,,,,,,NO-ESTIMATION,NO-ESTIMATION,NO-ESTIMATION,NO-ESTIMATION,NO-ESTIMATION
15818,IDN,Indonesia,Wlingi - Brantas,WRI1001045,54.0,-8.0776,112.3311,Hydro,,,,,PLN - Java Bali Generation Unit / PT. PJB,Indonesia Power Generation,https://repit.wordpress.com/,CARMA,1026178,,,,,,,,,,158.18,138.62,149.71,161.31,165.44,HYDRO-V1,HYDRO-V1,HYDRO-V1,HYDRO-V1,HYDRO-V1
15819,IDN,Indonesia,Wonorejo - Pamekasan,WRI1001046,6.3,-8.1136,112.2869,Hydro,,,,,PLN - Java Bali Generation Unit / PT. PJB,Indonesia Power Generation,https://repit.wordpress.com/,CARMA,1055424,,,,,,,,,,24.89,17.37,21.45,26.43,24.77,HYDRO-V1,HYDRO-V1,HYDRO-V1,HYDRO-V1,HYDRO-V1
